"comite_partido","date_scraped","comite_descricao","id","comite_estado"
"PSB","2011-03-23T21:09:32.715508","Comitê Financeiro Único","107","RJ"
"PMDB","2011-03-23T21:09:32.730547","Comitê Financeiro Único","118","RJ"
"PSTU","2011-03-23T21:09:32.754104","Comitê Financeiro Único","124","RJ"
"PPS","2011-03-23T21:09:32.766300","Comitê Financeiro Único","198","RJ"
"PMN","2011-03-23T21:09:32.796984","Comitê Financeiro Único","207","RJ"
"PRTB","2011-03-23T21:09:32.808417","Comitê Financeiro Único","212","RJ"
"PCB","2011-03-23T21:09:32.868850","Comitê Financeiro Único","2533","RJ"
"PSDC","2011-03-23T21:09:32.879227","Comitê Financeiro Único","233","RJ"
"PHS","2011-03-23T21:09:32.889754","Comitê Financeiro Único","236","RJ"
"PC do B","2011-03-23T21:09:32.900257","Comitê Financeiro Único","266","RJ"
"DEM","2011-03-23T21:09:32.911767","Comitê Financeiro Único","272","RJ"
"PTB","2011-03-23T21:09:32.923129","Comitê Financeiro Único","308","RJ"
"PSL","2011-03-23T21:09:32.933819","Comitê Financeiro Único","329","RJ"
"PT","2011-03-23T21:09:32.944112","Comitê Financeiro Único","357","RJ"
"PRB","2011-03-23T21:09:32.954528","Comitê Financeiro Único","367","RJ"
"PRP","2011-03-23T21:09:32.965116","Comitê Financeiro Único","427","RJ"
"PTC","2011-03-23T21:09:32.977593","Comitê Financeiro Único","501","RJ"
"PR","2011-03-23T21:09:32.990018","Comitê Financeiro Único","548","RJ"
"PT do B","2011-03-23T21:09:33.001965","Comitê Financeiro Único","650","RJ"
"PTN","2011-03-23T21:09:33.012996","Comitê Financeiro Único","746","RJ"
"PSOL","2011-03-23T21:09:33.024125","Comitê Financeiro Único","103","RJ"
"PP","2011-03-23T21:09:33.036280","Comitê Financeiro Único","48","RJ"
"PV","2011-03-23T21:09:33.051379","Comitê Financeiro Único","45","RJ"
"PSC","2011-03-23T21:09:33.087767","Comitê Financeiro Único","40","RJ"
"PDT","2011-03-23T21:09:33.100224","Comitê Financeiro Único","215","RJ"
"PR","2011-03-23T21:09:34.672213","Comitê Financeiro Distrital/Estadual para Deputado Estadual","481","RN"
"PR","2011-03-23T21:09:34.680705","Comitê Financeiro Distrital/Estadual para Deputado Federal","478","RN"
"PR","2011-03-23T21:09:34.690619","Comitê Financeiro Distrital/Estadual para Senador da República","476","RN"
"PTB","2011-03-23T21:09:34.702134","Comitê Financeiro Único","174","RN"
"PP","2011-03-23T21:09:34.713305","Comitê Financeiro Único","186","RN"
"PRB","2011-03-23T21:09:34.724995","Comitê Financeiro Único","232","RN"
"DEM","2011-03-23T21:09:34.738017","Comitê Financeiro Único","287","RN"
"PSB","2011-03-23T21:09:34.749626","Comitê Financeiro Único","373","RN"
"PSDB","2011-03-23T21:09:34.759789","Comitê Financeiro Único","389","RN"
"PTN","2011-03-23T21:09:34.770359","Comitê Financeiro Único","862","RN"
"PTC","2011-03-23T21:09:34.780450","Comitê Financeiro Único","441","RN"
"PDT","2011-03-23T21:09:34.789826","Comitê Financeiro Único","462","RN"
"PV","2011-03-23T21:09:34.799980","Comitê Financeiro Único","529","RN"
"PSDC","2011-03-23T21:09:34.810382","Comitê Financeiro Único","565","RN"
"PMDB","2011-03-23T21:09:34.821480","Comitê Financeiro Único","588","RN"
"PT","2011-03-23T21:09:34.931470","Comitê Financeiro Único","637","RN"
"PCB","2011-03-23T21:09:35.071428","Comitê Financeiro Único","685","RN"
"PRTB","2011-03-23T21:09:35.285516","Comitê Financeiro Único","708","RN"
"PPS","2011-03-23T21:09:35.421457","Comitê Financeiro Único","710","RN"
"PSTU","2011-03-23T21:09:35.541869","Comitê Financeiro Único","775","RN"
"PSC","2011-03-23T21:09:35.624683","Comitê Financeiro Único","841","RN"
"PSL","2011-03-23T21:09:35.716652","Comitê Financeiro Único","849","RN"
"PMN","2011-03-23T21:09:35.793220","Comitê Financeiro Único","172","RN"
"PHS","2011-03-23T21:09:35.815942","Comitê Financeiro Único","158","RN"
"PSOL","2011-03-23T21:09:35.830089","Comitê Financeiro Único","129","RN"
"PC do B","2011-03-23T21:09:35.842653","Comitê Financeiro Único","429","RN"
"PC do B","2011-03-23T21:09:38.070610","Comitê Financeiro Único","8","RS"
"PRP","2011-03-23T21:09:38.096720","Comitê Financeiro Único","882","RS"
"PSDB","2011-03-23T21:09:38.107993","Comitê Financeiro Único","137","RS"
"PP","2011-03-23T21:09:38.118762","Comitê Financeiro Único","202","RS"
"DEM","2011-03-23T21:09:38.130375","Comitê Financeiro Único","222","RS"
"PT","2011-03-23T21:09:38.150852","Comitê Financeiro Único","244","RS"
"PRB","2011-03-23T21:09:38.161437","Comitê Financeiro Único","304","RS"
"PSB","2011-03-23T21:09:38.197542","Comitê Financeiro Único","314","RS"
"PMDB","2011-03-23T21:09:38.247134","Comitê Financeiro Único","323","RS"
"PMN","2011-03-23T21:09:38.261781","Comitê Financeiro Único","341","RS"
"PTB","2011-03-23T21:09:38.273087","Comitê Financeiro Único","362","RS"
"PV","2011-03-23T21:09:38.286225","Comitê Financeiro Único","402","RS"
"PDT","2011-03-23T21:09:38.306919","Comitê Financeiro Único","418","RS"
"PSTU","2011-03-23T21:09:38.318614","Comitê Financeiro Único","466","RS"
"PR","2011-03-23T21:09:38.330955","Comitê Financeiro Único","502","RS"
"PSC","2011-03-23T21:09:38.340462","Comitê Financeiro Único","525","RS"
"PTN","2011-03-23T21:09:38.350977","Comitê Financeiro Único","528","RS"
"PTC","2011-03-23T21:09:38.360323","Comitê Financeiro Único","649","RS"
"PSDC","2011-03-23T21:09:38.370737","Comitê Financeiro Único","669","RS"
"PHS","2011-03-23T21:09:38.381426","Comitê Financeiro Único","700","RS"
"PPS","2011-03-23T21:09:38.390937","Comitê Financeiro Único","718","RS"
"PCB","2011-03-23T21:09:38.400349","Comitê Financeiro Único","878","RS"
"PSOL","2011-03-23T21:09:38.412345","Comitê Financeiro Único","39","RS"
"PPS","2011-03-23T21:09:40.159819","Comitê Financeiro Distrital/Estadual para Deputado Estadual","486","RO"
"PPS","2011-03-23T21:09:40.235905","Comitê Financeiro Distrital/Estadual para Deputado Federal","489","RO"
"PPS","2011-03-23T21:09:40.270969","Comitê Financeiro Distrital/Estadual para Governador","483","RO"
"PSDB","2011-03-23T21:09:40.284520","Comitê Financeiro Único","498","RO"
"PMN","2011-03-23T21:09:40.354585","Comitê Financeiro Único","545","RO"
"PP","2011-03-23T21:09:40.381044","Comitê Financeiro Único","549","RO"
"PSC","2011-03-23T21:09:40.389387","Comitê Financeiro Único","564","RO"
"PTB","2011-03-23T21:09:40.398839","Comitê Financeiro Único","581","RO"
"PT do B","2011-03-23T21:09:40.408826","Comitê Financeiro Único","591","RO"
"DEM","2011-03-23T21:09:40.417220","Comitê Financeiro Único","859","RO"
"PHS","2011-03-23T21:09:40.426480","Comitê Financeiro Único","721","RO"
"PDT","2011-03-23T21:09:40.435217","Comitê Financeiro Único","730","RO"
"PC do B","2011-03-23T21:09:40.444557","Comitê Financeiro Único","742","RO"
"PV","2011-03-23T21:09:40.465576","Comitê Financeiro Único","745","RO"
"PSL","2011-03-23T21:09:40.513808","Comitê Financeiro Único","749","RO"
"PRP","2011-03-23T21:09:40.524925","Comitê Financeiro Único","751","RO"
"PMDB","2011-03-23T21:09:40.537429","Comitê Financeiro Único","765","RO"
"PR","2011-03-23T21:09:40.550181","Comitê Financeiro Único","785","RO"
"PRTB","2011-03-23T21:09:40.560930","Comitê Financeiro Único","788","RO"
"PSOL","2011-03-23T21:09:40.571873","Comitê Financeiro Único","801","RO"
"PTC","2011-03-23T21:09:40.584889","Comitê Financeiro Único","850","RO"
"PT","2011-03-23T21:09:40.616468","Comitê Financeiro Único","467","RO"
"PRB","2011-03-23T21:09:40.625804","Comitê Financeiro Único","392","RO"
"PSB","2011-03-23T21:09:40.650769","Comitê Financeiro Único","364","RO"
"PTN","2011-03-23T21:09:40.661688","Comitê Financeiro Único","706","RO"
"PPS","2011-03-23T21:09:42.739701","Comitê Financeiro Distrital/Estadual para Deputado Estadual","615","RR"
"PTB","2011-03-23T21:09:42.760881","Comitê Financeiro Distrital/Estadual para Deputado Estadual","294","RR"
"PMDB","2011-03-23T21:09:42.783856","Comitê Financeiro Distrital/Estadual para Deputado Estadual","611","RR"
"DEM","2011-03-23T21:09:42.794816","Comitê Financeiro Distrital/Estadual para Deputado Estadual","796","RR"
"PTB","2011-03-23T21:09:42.809821","Comitê Financeiro Distrital/Estadual para Deputado Federal","295","RR"
"PMDB","2011-03-23T21:09:42.822903","Comitê Financeiro Distrital/Estadual para Deputado Federal","613","RR"
"DEM","2011-03-23T21:09:42.834937","Comitê Financeiro Distrital/Estadual para Deputado Federal","797","RR"
"DEM","2011-03-23T21:09:42.845810","Comitê Financeiro Distrital/Estadual para Governador","848","RR"
"PPS","2011-03-23T21:09:42.856693","Comitê Financeiro Distrital/Estadual para Senador da República","2741","RR"
"PMDB","2011-03-23T21:09:42.867444","Comitê Financeiro Distrital/Estadual para Senador da República","614","RR"
"PRP","2011-03-23T21:09:42.880705","Comitê Financeiro Único","556","RR"
"PSDB","2011-03-23T21:09:42.892207","Comitê Financeiro Único","560","RR"
"PSC","2011-03-23T21:09:42.904341","Comitê Financeiro Único","562","RR"
"PSDC","2011-03-23T21:09:42.914910","Comitê Financeiro Único","577","RR"
"PP","2011-03-23T21:09:42.926386","Comitê Financeiro Único","590","RR"
"PTC","2011-03-23T21:09:42.956876","Comitê Financeiro Único","612","RR"
"PT","2011-03-23T21:09:42.975842","Comitê Financeiro Único","623","RR"
"PDT","2011-03-23T21:09:43.063187","Comitê Financeiro Único","553","RR"
"PSOL","2011-03-23T21:09:43.072150","Comitê Financeiro Único","550","RR"
"PMN","2011-03-23T21:09:43.097882","Comitê Financeiro Único","547","RR"
"PRTB","2011-03-23T21:09:43.123520","Comitê Financeiro Único","541","RR"
"PRB","2011-03-23T21:09:43.138868","Comitê Financeiro Único","345","RR"
"PV","2011-03-23T21:09:43.150881","Comitê Financeiro Único","336","RR"
"PTN","2011-03-23T21:09:43.161612","Comitê Financeiro Único","674","RR"
"PSB","2011-03-23T21:09:43.169571","Comitê Financeiro Único","293","RR"
"PC do B","2011-03-23T21:09:43.182589","Comitê Financeiro Único","292","RR"
"PR","2011-03-23T21:09:43.199956","Comitê Financeiro Único","288","RR"
"PSL","2011-03-23T21:09:43.207540","Comitê Financeiro Único","318","RR"
"PSDC","2011-03-23T21:09:44.547548","Comitê Financeiro Distrital/Estadual para Deputado Estadual","2761","SC"
"PDT","2011-03-23T21:09:44.556057","Comitê Financeiro Único","136","SC"
"PRP","2011-03-23T21:09:44.565474","Comitê Financeiro Único","150","SC"
"PC do B","2011-03-23T21:09:44.576190","Comitê Financeiro Único","169","SC"
"PP","2011-03-23T21:09:44.586931","Comitê Financeiro Único","177","SC"
"PSTU","2011-03-23T21:09:44.600350","Comitê Financeiro Único","307","SC"
"DEM","2011-03-23T21:09:44.612623","Comitê Financeiro Único","322","SC"
"PT do B","2011-03-23T21:09:44.627280","Comitê Financeiro Único","365","SC"
"PR","2011-03-23T21:09:44.686808","Comitê Financeiro Único","439","SC"
"PSB","2011-03-23T21:09:44.693896","Comitê Financeiro Único","461","SC"
"PT","2011-03-23T21:09:44.702847","Comitê Financeiro Único","468","SC"
"PPS","2011-03-23T21:09:44.709663","Comitê Financeiro Único","470","SC"
"PSOL","2011-03-23T21:09:44.716618","Comitê Financeiro Único","493","SC"
"PTC","2011-03-23T21:09:44.724876","Comitê Financeiro Único","524","SC"
"PSDB","2011-03-23T21:09:44.731949","Comitê Financeiro Único","586","SC"
"PTB","2011-03-23T21:09:44.741872","Comitê Financeiro Único","665","SC"
"PSC","2011-03-23T21:09:44.749357","Comitê Financeiro Único","673","SC"
"PSL","2011-03-23T21:09:44.761188","Comitê Financeiro Único","680","SC"
"PMN","2011-03-23T21:09:44.787798","Comitê Financeiro Único","687","SC"
"PV","2011-03-23T21:09:44.804829","Comitê Financeiro Único","720","SC"
"PMDB","2011-03-23T21:09:44.815710","Comitê Financeiro Único","726","SC"
"PHS","2011-03-23T21:09:44.823597","Comitê Financeiro Único","761","SC"
"PRB","2011-03-23T21:09:44.835314","Comitê Financeiro Único","791","SC"
"PCB","2011-03-23T21:09:44.843404","Comitê Financeiro Único","2701","SC"
"PRTB","2011-03-23T21:09:44.857918","Comitê Financeiro Único","113","SC"
"PSDB","2011-03-23T21:09:46.894884","Comitê Financeiro Distrital/Estadual para Deputado Estadual","41","SP"
"PV","2011-03-23T21:09:46.984802","Comitê Financeiro Distrital/Estadual para Deputado Estadual","280","SP"
"PSB","2011-03-23T21:09:47.036853","Comitê Financeiro Distrital/Estadual para Deputado Estadual","301","SP"
"PSB","2011-03-23T21:09:47.072714","Comitê Financeiro Distrital/Estadual para Deputado Federal","298","SP"
"PSDB","2011-03-23T21:09:47.084120","Comitê Financeiro Distrital/Estadual para Deputado Federal","43","SP"
"PV","2011-03-23T21:09:47.095165","Comitê Financeiro Distrital/Estadual para Deputado Federal","279","SP"
"PSB","2011-03-23T21:09:47.106474","Comitê Financeiro Distrital/Estadual para Governador","299","SP"
"PSDB","2011-03-23T21:09:47.117929","Comitê Financeiro Distrital/Estadual para Governador","47","SP"
"PV","2011-03-23T21:09:47.128267","Comitê Financeiro Distrital/Estadual para Governador","278","SP"
"PSDB","2011-03-23T21:09:47.165289","Comitê Financeiro Distrital/Estadual para Senador da República","42","SP"
"PV","2011-03-23T21:09:47.197389","Comitê Financeiro Distrital/Estadual para Senador da República","281","SP"
"PSB","2011-03-23T21:09:47.229949","Comitê Financeiro Distrital/Estadual para Senador da República","300","SP"
"PC do B","2011-03-23T21:09:47.254506","Comitê Financeiro Único","153","SP"
"PRB","2011-03-23T21:09:47.274101","Comitê Financeiro Único","161","SP"
"PRTB","2011-03-23T21:09:47.312442","Comitê Financeiro Único","162","SP"
"PTC","2011-03-23T21:09:47.337300","Comitê Financeiro Único","166","SP"
"PMN","2011-03-23T21:09:47.372293","Comitê Financeiro Único","171","SP"
"PT","2011-03-23T21:09:47.380990","Comitê Financeiro Único","325","SP"
"PSL","2011-03-23T21:09:47.390926","Comitê Financeiro Único","328","SP"
"PTB","2011-03-23T21:09:47.427890","Comitê Financeiro Único","332","SP"
"PSOL","2011-03-23T21:09:47.438799","Comitê Financeiro Único","352","SP"
"PCO","2011-03-23T21:09:47.452859","Comitê Financeiro Único","740","SP"
"PT do B","2011-03-23T21:09:47.462423","Comitê Financeiro Único","806","SP"
"PSDC","2011-03-23T21:09:47.485368","Comitê Financeiro Único","140","SP"
"PP","2011-03-23T21:09:47.514370","Comitê Financeiro Único","134","SP"
"PDT","2011-03-23T21:09:47.525863","Comitê Financeiro Único","132","SP"
"PHS","2011-03-23T21:09:47.547183","Comitê Financeiro Único","126","SP"
"PR","2011-03-23T21:09:47.576256","Comitê Financeiro Único","112","SP"
"PTN","2011-03-23T21:09:47.591017","Comitê Financeiro Único","109","SP"
"PCB","2011-03-23T21:09:47.611735","Comitê Financeiro Único","868","SP"
"PRP","2011-03-23T21:09:47.620363","Comitê Financeiro Único","81","SP"
"DEM","2011-03-23T21:09:47.627414","Comitê Financeiro Único","25","SP"
"PPS","2011-03-23T21:09:47.635749","Comitê Financeiro Único","24","SP"
"PSTU","2011-03-23T21:09:47.660660","Comitê Financeiro Único","21","SP"
"PMDB","2011-03-23T21:09:47.669532","Comitê Financeiro Único","9","SP"
"PSC","2011-03-23T21:09:47.681038","Comitê Financeiro Único","104","SP"
"PC do B","2011-03-23T21:09:49.391088","Comitê Financeiro Distrital/Estadual para Deputado Estadual","488","SE"
"PC do B","2011-03-23T21:09:49.653762","Comitê Financeiro Distrital/Estadual para Deputado Federal","482","SE"
"PDT","2011-03-23T21:09:49.824185","Comitê Financeiro Único","138","SE"
"PRB","2011-03-23T21:09:49.844948","Comitê Financeiro Único","163","SE"
"PV","2011-03-23T21:09:49.915345","Comitê Financeiro Único","494","SE"
"PTC","2011-03-23T21:09:49.954625","Comitê Financeiro Único","497","SE"
"PSL","2011-03-23T21:09:50.045677","Comitê Financeiro Único","551","SE"
"PT","2011-03-23T21:09:50.057239","Comitê Financeiro Único","557","SE"
"PSC","2011-03-23T21:09:50.068066","Comitê Financeiro Único","573","SE"
"PRTB","2011-03-23T21:09:50.077935","Comitê Financeiro Único","843","SE"
"PTB","2011-03-23T21:09:50.089640","Comitê Financeiro Único","626","SE"
"DEM","2011-03-23T21:09:50.101249","Comitê Financeiro Único","633","SE"
"PSDB","2011-03-23T21:09:50.145402","Comitê Financeiro Único","662","SE"
"PSB","2011-03-23T21:09:50.180251","Comitê Financeiro Único","697","SE"
"PP","2011-03-23T21:09:50.189924","Comitê Financeiro Único","698","SE"
"PMN","2011-03-23T21:09:50.200599","Comitê Financeiro Único","713","SE"
"PPS","2011-03-23T21:09:50.244551","Comitê Financeiro Único","734","SE"
"PSDC","2011-03-23T21:09:50.284652","Comitê Financeiro Único","755","SE"
"PT do B","2011-03-23T21:09:50.310614","Comitê Financeiro Único","760","SE"
"PMDB","2011-03-23T21:09:50.320325","Comitê Financeiro Único","783","SE"
"PCB","2011-03-23T21:09:50.363068","Comitê Financeiro Único","823","SE"
"PSOL","2011-03-23T21:09:50.370650","Comitê Financeiro Único","115","SE"
"PSTU","2011-03-23T21:09:50.379063","Comitê Financeiro Único","46","SE"
"PR","2011-03-23T21:09:50.408716","Comitê Financeiro Único","574","SE"
"PSB","2011-03-23T21:09:52.017457","Comitê Financeiro Distrital/Estadual para Deputado Estadual","303","TO"
"PSB","2011-03-23T21:09:52.141451","Comitê Financeiro Distrital/Estadual para Deputado Federal","305","TO"
"PSDB","2011-03-23T21:09:52.291455","Comitê Financeiro Único","214","TO"
"PMDB","2011-03-23T21:09:52.451077","Comitê Financeiro Único","217","TO"
"PR","2011-03-23T21:09:52.601722","Comitê Financeiro Único","219","TO"
"DEM","2011-03-23T21:09:52.761374","Comitê Financeiro Único","297","TO"
"PV","2011-03-23T21:09:52.891423","Comitê Financeiro Único","391","TO"
"PC do B","2011-03-23T21:09:53.061440","Comitê Financeiro Único","399","TO"
"PT","2011-03-23T21:09:53.181443","Comitê Financeiro Único","419","TO"
"PSC","2011-03-23T21:09:53.273005","Comitê Financeiro Único","883","TO"
"PSDC","2011-03-23T21:09:53.283205","Comitê Financeiro Único","624","TO"
"PRP","2011-03-23T21:09:53.293028","Comitê Financeiro Único","644","TO"
"PHS","2011-03-23T21:09:53.304522","Comitê Financeiro Único","653","TO"
"PRTB","2011-03-23T21:09:53.342181","Comitê Financeiro Único","656","TO"
"PMN","2011-03-23T21:09:53.352536","Comitê Financeiro Único","661","TO"
"PDT","2011-03-23T21:09:53.365798","Comitê Financeiro Único","664","TO"
"PP","2011-03-23T21:09:53.376451","Comitê Financeiro Único","675","TO"
"PTC","2011-03-23T21:09:53.386620","Comitê Financeiro Único","733","TO"
"PSL","2011-03-23T21:09:53.396164","Comitê Financeiro Único","744","TO"
"PTB","2011-03-23T21:09:53.407698","Comitê Financeiro Único","757","TO"
"PRB","2011-03-23T21:09:53.449279","Comitê Financeiro Único","208","TO"
"PPS","2011-03-23T21:09:53.457212","Comitê Financeiro Único","181","TO"
"PT do B","2011-03-23T21:09:53.467811","Comitê Financeiro Único","425","TO"
"PT","2011-03-23T21:10:40.411204","Comitê Financeiro Nacional para Presidente da República","5","BR"
"PDT","2011-03-23T21:10:40.508835","Comitê Financeiro Nacional para Presidente da República","10","BR"
"PRTB","2011-03-23T21:10:40.648063","Comitê Financeiro Nacional para Presidente da República","23","BR"
"PSTU","2011-03-23T21:10:40.718445","Comitê Financeiro Nacional para Presidente da República","61","BR"
"PV","2011-03-23T21:10:40.808078","Comitê Financeiro Nacional para Presidente da República","101","BR"
"PSOL","2011-03-23T21:10:40.889100","Comitê Financeiro Nacional para Presidente da República","875","BR"
"PSDC","2011-03-23T21:10:41.008097","Comitê Financeiro Nacional para Presidente da República","147","BR"
"PSDB","2011-03-23T21:10:41.080676","Comitê Financeiro Nacional para Presidente da República","154","BR"
"DEM","2011-03-23T21:10:41.100399","Comitê Financeiro Nacional para Presidente da República","668","BR"
"PCB","2011-03-23T21:10:41.108738","Comitê Financeiro Nacional para Presidente da República","766","BR"
"PCO","2011-03-23T21:10:41.117683","Comitê Financeiro Nacional para Presidente da República","767","BR"
"PMDB","2011-03-23T21:10:41.127929","Comitê Financeiro Nacional para Presidente da República","102","BR"
"PSL","2011-03-23T21:10:42.808760","Comitê Financeiro Distrital/Estadual para Deputado Estadual","178","AC"
"PT","2011-03-23T21:10:42.825061","Comitê Financeiro Distrital/Estadual para Deputado Estadual","148","AC"
"PC do B","2011-03-23T21:10:42.834515","Comitê Financeiro Distrital/Estadual para Deputado Estadual","29","AC"
"PDT","2011-03-23T21:10:42.843384","Comitê Financeiro Distrital/Estadual para Deputado Estadual","135","AC"
"PDT","2011-03-23T21:10:42.868363","Comitê Financeiro Distrital/Estadual para Deputado Federal","127","AC"
"PT","2011-03-23T21:10:42.901145","Comitê Financeiro Distrital/Estadual para Deputado Federal","145","AC"
"PC do B","2011-03-23T21:10:42.907335","Comitê Financeiro Distrital/Estadual para Deputado Federal","28","AC"
"PT","2011-03-23T21:10:42.917900","Comitê Financeiro Distrital/Estadual para Governador","149","AC"
"PC do B","2011-03-23T21:10:42.931951","Comitê Financeiro Distrital/Estadual para Senador da República","27","AC"
"PT","2011-03-23T21:10:42.942803","Comitê Financeiro Distrital/Estadual para Senador da República","146","AC"
"PSOL","2011-03-23T21:10:42.952507","Comitê Financeiro Único","408","AC"
"PRP","2011-03-23T21:10:42.988614","Comitê Financeiro Único","409","AC"
"PSDC","2011-03-23T21:10:43.024750","Comitê Financeiro Único","507","AC"
"PTC","2011-03-23T21:10:43.032436","Comitê Financeiro Único","512","AC"
"PTB","2011-03-23T21:10:43.040799","Comitê Financeiro Único","522","AC"
"PSB","2011-03-23T21:10:43.049701","Comitê Financeiro Único","523","AC"
"PMN","2011-03-23T21:10:43.061886","Comitê Financeiro Único","561","AC"
"PHS","2011-03-23T21:10:43.073717","Comitê Financeiro Único","596","AC"
"DEM","2011-03-23T21:10:43.086301","Comitê Financeiro Único","625","AC"
"PRB","2011-03-23T21:10:43.118609","Comitê Financeiro Único","405","AC"
"PV","2011-03-23T21:10:43.158315","Comitê Financeiro Único","404","AC"
"PRTB","2011-03-23T21:10:43.168589","Comitê Financeiro Único","376","AC"
"PSC","2011-03-23T21:10:43.179313","Comitê Financeiro Único","343","AC"
"PSDB","2011-03-23T21:10:43.189579","Comitê Financeiro Único","276","AC"
"PPS","2011-03-23T21:10:43.199700","Comitê Financeiro Único","634","AC"
"PT do B","2011-03-23T21:10:43.210909","Comitê Financeiro Único","199","AC"
"PTN","2011-03-23T21:10:43.221987","Comitê Financeiro Único","139","AC"
"PR","2011-03-23T21:10:43.234448","Comitê Financeiro Único","108","AC"
"PP","2011-03-23T21:10:43.245422","Comitê Financeiro Único","26","AC"
"PMDB","2011-03-23T21:10:43.257343","Comitê Financeiro Único","257","AC"
"PR","2011-03-23T21:10:44.944338","Comitê Financeiro Distrital/Estadual para Deputado Estadual","604","AL"
"PDT","2011-03-23T21:10:44.984529","Comitê Financeiro Distrital/Estadual para Deputado Estadual","503","AL"
"PMDB","2011-03-23T21:10:44.995815","Comitê Financeiro Distrital/Estadual para Deputado Estadual","423","AL"
"PR","2011-03-23T21:10:45.006470","Comitê Financeiro Distrital/Estadual para Deputado Federal","603","AL"
"PDT","2011-03-23T21:10:45.042080","Comitê Financeiro Distrital/Estadual para Deputado Federal","471","AL"
"PMDB","2011-03-23T21:10:45.062459","Comitê Financeiro Distrital/Estadual para Deputado Federal","426","AL"
"PDT","2011-03-23T21:10:45.075499","Comitê Financeiro Distrital/Estadual para Governador","259","AL"
"PMDB","2011-03-23T21:10:45.084577","Comitê Financeiro Distrital/Estadual para Senador da República","428","AL"
"PRTB","2011-03-23T21:10:45.093909","Comitê Financeiro Único","315","AL"
"DEM","2011-03-23T21:10:45.118068","Comitê Financeiro Único","324","AL"
"PSDB","2011-03-23T21:10:45.137557","Comitê Financeiro Único","358","AL"
"PSC","2011-03-23T21:10:45.147348","Comitê Financeiro Único","421","AL"
"PTN","2011-03-23T21:10:45.157802","Comitê Financeiro Único","431","AL"
"PSB","2011-03-23T21:10:45.170304","Comitê Financeiro Único","459","AL"
"PC do B","2011-03-23T21:10:45.181030","Comitê Financeiro Único","495","AL"
"PP","2011-03-23T21:10:45.191334","Comitê Financeiro Único","499","AL"
"PSL","2011-03-23T21:10:45.213454","Comitê Financeiro Único","504","AL"
"PT","2011-03-23T21:10:45.250956","Comitê Financeiro Único","636","AL"
"PRP","2011-03-23T21:10:45.292847","Comitê Financeiro Único","739","AL"
"PT do B","2011-03-23T21:10:45.312943","Comitê Financeiro Único","302","AL"
"PHS","2011-03-23T21:10:45.352050","Comitê Financeiro Único","296","AL"
"PV","2011-03-23T21:10:45.376625","Comitê Financeiro Único","773","AL"
"PRB","2011-03-23T21:10:45.385437","Comitê Financeiro Único","264","AL"
"PTB","2011-03-23T21:10:45.393769","Comitê Financeiro Único","261","AL"
"PPS","2011-03-23T21:10:45.403766","Comitê Financeiro Único","218","AL"
"PMN","2011-03-23T21:10:45.411949","Comitê Financeiro Único","193","AL"
"PSOL","2011-03-23T21:10:45.420029","Comitê Financeiro Único","6","AL"
"PTC","2011-03-23T21:10:45.430637","Comitê Financeiro Único","265","AL"
"PR","2011-03-23T21:10:46.803831","Comitê Financeiro Distrital/Estadual para Deputado Estadual","763","AP"
"PR","2011-03-23T21:10:46.860100","Comitê Financeiro Distrital/Estadual para Deputado Federal","813","AP"
"PSDB","2011-03-23T21:10:46.910664","Comitê Financeiro Distrital/Estadual para Governador","602","AP"
"PSDB","2011-03-23T21:10:46.916554","Comitê Financeiro Distrital/Estadual para Senador da República","607","AP"
"PMDB","2011-03-23T21:10:46.924371","Comitê Financeiro Único","508","AP"
"PSOL","2011-03-23T21:10:46.932638","Comitê Financeiro Único","554","AP"
"PMN","2011-03-23T21:10:46.943815","Comitê Financeiro Único","572","AP"
"PTC","2011-03-23T21:10:46.954130","Comitê Financeiro Único","575","AP"
"PTN","2011-03-23T21:10:46.966976","Comitê Financeiro Único","919","AP"
"PPS","2011-03-23T21:10:46.977271","Comitê Financeiro Único","597","AP"
"PRP","2011-03-23T21:10:47.008730","Comitê Financeiro Único","601","AP"
"DEM","2011-03-23T21:10:47.062715","Comitê Financeiro Único","608","AP"
"PT","2011-03-23T21:10:47.070350","Comitê Financeiro Único","609","AP"
"PRTB","2011-03-23T21:10:47.078416","Comitê Financeiro Único","684","AP"
"PTB","2011-03-23T21:10:47.086492","Comitê Financeiro Único","736","AP"
"PDT","2011-03-23T21:10:47.095354","Comitê Financeiro Único","805","AP"
"PRB","2011-03-23T21:10:47.104888","Comitê Financeiro Único","864","AP"
"PSC","2011-03-23T21:10:47.138520","Comitê Financeiro Único","869","AP"
"PT do B","2011-03-23T21:10:47.150291","Comitê Financeiro Único","873","AP"
"PC do B","2011-03-23T21:10:47.160315","Comitê Financeiro Único","881","AP"
"PSTU","2011-03-23T21:10:47.170451","Comitê Financeiro Único","484","AP"
"PSB","2011-03-23T21:10:47.183657","Comitê Financeiro Único","465","AP"
"PV","2011-03-23T21:10:47.195213","Comitê Financeiro Único","443","AP"
"PSDC","2011-03-23T21:10:47.205293","Comitê Financeiro Único","430","AP"
"PCB","2011-03-23T21:10:47.216493","Comitê Financeiro Único","580","AP"
"PTC","2011-03-23T21:10:49.067991","Comitê Financeiro Distrital/Estadual para Deputado Estadual","496","AM"
"PMDB","2011-03-23T21:10:49.081725","Comitê Financeiro Distrital/Estadual para Deputado Estadual","379","AM"
"PMN","2011-03-23T21:10:49.090731","Comitê Financeiro Distrital/Estadual para Deputado Estadual","416","AM"
"PTN","2011-03-23T21:10:49.103022","Comitê Financeiro Distrital/Estadual para Deputado Estadual","500","AM"
"PSC","2011-03-23T21:10:49.120933","Comitê Financeiro Distrital/Estadual para Deputado Estadual","701","AM"
"PMDB","2011-03-23T21:10:49.130477","Comitê Financeiro Distrital/Estadual para Deputado Federal","380","AM"
"PMN","2011-03-23T21:10:49.142269","Comitê Financeiro Distrital/Estadual para Deputado Federal","415","AM"
"PSC","2011-03-23T21:10:49.153346","Comitê Financeiro Distrital/Estadual para Deputado Federal","702","AM"
"PMN","2011-03-23T21:10:49.165035","Comitê Financeiro Distrital/Estadual para Governador","414","AM"
"PMDB","2011-03-23T21:10:49.175491","Comitê Financeiro Distrital/Estadual para Governador","533","AM"
"PMDB","2011-03-23T21:10:49.186608","Comitê Financeiro Distrital/Estadual para Senador da República","381","AM"
"PSDB","2011-03-23T21:10:49.199813","Comitê Financeiro Único","355","AM"
"PRP","2011-03-23T21:10:49.211912","Comitê Financeiro Único","480","AM"
"PTB","2011-03-23T21:10:49.223169","Comitê Financeiro Único","485","AM"
"PCB","2011-03-23T21:10:49.234013","Comitê Financeiro Único","492","AM"
"PSOL","2011-03-23T21:10:49.244328","Comitê Financeiro Único","511","AM"
"PPS","2011-03-23T21:10:49.255421","Comitê Financeiro Único","592","AM"
"DEM","2011-03-23T21:10:49.266730","Comitê Financeiro Único","677","AM"
"PV","2011-03-23T21:10:49.278411","Comitê Financeiro Único","703","AM"
"PRB","2011-03-23T21:10:49.292050","Comitê Financeiro Único","338","AM"
"PT","2011-03-23T21:10:49.304466","Comitê Financeiro Único","274","AM"
"PSB","2011-03-23T21:10:49.315146","Comitê Financeiro Único","203","AM"
"PR","2011-03-23T21:10:49.326265","Comitê Financeiro Único","192","AM"
"PT do B","2011-03-23T21:10:49.336439","Comitê Financeiro Único","191","AM"
"PSTU","2011-03-23T21:10:49.348819","Comitê Financeiro Único","179","AM"
"PHS","2011-03-23T21:10:49.360188","Comitê Financeiro Único","732","AM"
"PC do B","2011-03-23T21:10:49.370947","Comitê Financeiro Único","173","AM"
"PP","2011-03-23T21:10:49.381242","Comitê Financeiro Único","151","AM"
"PDT","2011-03-23T21:10:49.392512","Comitê Financeiro Único","114","AM"
"PSL","2011-03-23T21:10:49.402636","Comitê Financeiro Único","110","AM"
"PSDC","2011-03-23T21:10:49.414458","Comitê Financeiro Único","176","AM"
"PPS","2011-03-23T21:10:50.825022","Comitê Financeiro Único","116","BA"
"PMN","2011-03-23T21:10:50.904565","Comitê Financeiro Único","781","BA"
"PSC","2011-03-23T21:10:50.991420","Comitê Financeiro Único","120","BA"
"DEM","2011-03-23T21:10:51.077375","Comitê Financeiro Único","121","BA"
"PT do B","2011-03-23T21:10:51.151928","Comitê Financeiro Único","122","BA"
"PSDC","2011-03-23T21:10:51.229398","Comitê Financeiro Único","123","BA"
"PC do B","2011-03-23T21:10:51.255972","Comitê Financeiro Único","128","BA"
"PTN","2011-03-23T21:10:51.283503","Comitê Financeiro Único","130","BA"
"PSTU","2011-03-23T21:10:51.294781","Comitê Financeiro Único","131","BA"
"PR","2011-03-23T21:10:51.306666","Comitê Financeiro Único","175","BA"
"PRP","2011-03-23T21:10:51.317488","Comitê Financeiro Único","195","BA"
"PSL","2011-03-23T21:10:51.332138","Comitê Financeiro Único","209","BA"
"PMDB","2011-03-23T21:10:51.343316","Comitê Financeiro Único","210","BA"
"PRB","2011-03-23T21:10:51.355451","Comitê Financeiro Único","313","BA"
"PDT","2011-03-23T21:10:51.367964","Comitê Financeiro Único","331","BA"
"PT","2011-03-23T21:10:51.378879","Comitê Financeiro Único","353","BA"
"PV","2011-03-23T21:10:51.415271","Comitê Financeiro Único","403","BA"
"PP","2011-03-23T21:10:51.425950","Comitê Financeiro Único","410","BA"
"PTC","2011-03-23T21:10:51.466230","Comitê Financeiro Único","440","BA"
"PSOL","2011-03-23T21:10:51.502277","Comitê Financeiro Único","532","BA"
"PTB","2011-03-23T21:10:51.530353","Comitê Financeiro Único","599","BA"
"PSB","2011-03-23T21:10:51.541445","Comitê Financeiro Único","610","BA"
"PSDB","2011-03-23T21:10:51.555545","Comitê Financeiro Único","119","BA"
"PSB","2011-03-23T21:10:53.192315","Comitê Financeiro Distrital/Estadual para Deputado Estadual","144","CE"
"PSDB","2011-03-23T21:10:53.238141","Comitê Financeiro Distrital/Estadual para Deputado Estadual","312","CE"
"DEM","2011-03-23T21:10:53.361776","Comitê Financeiro Distrital/Estadual para Deputado Estadual","487","CE"
"PSDC","2011-03-23T21:10:53.512754","Comitê Financeiro Distrital/Estadual para Deputado Estadual","540","CE"
"PP","2011-03-23T21:10:53.586811","Comitê Financeiro Distrital/Estadual para Deputado Estadual","598","CE"
"PP","2011-03-23T21:10:53.613045","Comitê Financeiro Distrital/Estadual para Deputado Federal","600","CE"
"PSB","2011-03-23T21:10:53.648677","Comitê Financeiro Distrital/Estadual para Deputado Federal","142","CE"
"PSDB","2011-03-23T21:10:53.698516","Comitê Financeiro Distrital/Estadual para Deputado Federal","311","CE"
"DEM","2011-03-23T21:10:53.709685","Comitê Financeiro Distrital/Estadual para Deputado Federal","490","CE"
"PSB","2011-03-23T21:10:53.718448","Comitê Financeiro Distrital/Estadual para Governador","143","CE"
"PSDB","2011-03-23T21:10:53.727758","Comitê Financeiro Distrital/Estadual para Governador","310","CE"
"PSDB","2011-03-23T21:10:53.786920","Comitê Financeiro Distrital/Estadual para Senador da República","309","CE"
"DEM","2011-03-23T21:10:53.833120","Comitê Financeiro Distrital/Estadual para Senador da República","756","CE"
"PTN","2011-03-23T21:10:53.882782","Comitê Financeiro Único","538","CE"
"PTB","2011-03-23T21:10:53.927284","Comitê Financeiro Único","539","CE"
"PT","2011-03-23T21:10:53.945588","Comitê Financeiro Único","628","CE"
"PV","2011-03-23T21:10:53.957958","Comitê Financeiro Único","642","CE"
"PSL","2011-03-23T21:10:53.967060","Comitê Financeiro Único","647","CE"
"PSTU","2011-03-23T21:10:54.010366","Comitê Financeiro Único","778","CE"
"PDT","2011-03-23T21:10:54.019931","Comitê Financeiro Único","537","CE"
"PPS","2011-03-23T21:10:54.057746","Comitê Financeiro Único","453","CE"
"PRTB","2011-03-23T21:10:54.066820","Comitê Financeiro Único","452","CE"
"PR","2011-03-23T21:10:54.081126","Comitê Financeiro Único","450","CE"
"PMDB","2011-03-23T21:10:54.088760","Comitê Financeiro Único","447","CE"
"PHS","2011-03-23T21:10:54.099168","Comitê Financeiro Único","411","CE"
"PRP","2011-03-23T21:10:54.109290","Comitê Financeiro Único","407","CE"
"PSOL","2011-03-23T21:10:54.120763","Comitê Financeiro Único","349","CE"
"PMN","2011-03-23T21:10:54.155144","Comitê Financeiro Único","271","CE"
"PCB","2011-03-23T21:10:54.162418","Comitê Financeiro Único","877","CE"
"PSC","2011-03-23T21:10:54.190232","Comitê Financeiro Único","204","CE"
"PC do B","2011-03-23T21:10:54.207769","Comitê Financeiro Único","201","CE"
"PRB","2011-03-23T21:10:54.217339","Comitê Financeiro Único","157","CE"
"PTC","2011-03-23T21:10:54.231676","Comitê Financeiro Único","205","CE"
"PT","2011-03-23T21:10:55.728565","Comitê Financeiro Distrital/Estadual para Governador","384","DF"
"PT","2011-03-23T21:10:55.765194","Comitê Financeiro Único","385","DF"
"PHS","2011-03-23T21:10:55.798019","Comitê Financeiro Único","386","DF"
"PC do B","2011-03-23T21:10:55.813479","Comitê Financeiro Único","387","DF"
"PSB","2011-03-23T21:10:55.823677","Comitê Financeiro Único","388","DF"
"PMDB","2011-03-23T21:10:55.835798","Comitê Financeiro Único","397","DF"
"PR","2011-03-23T21:10:55.845057","Comitê Financeiro Único","417","DF"
"PP","2011-03-23T21:10:55.855176","Comitê Financeiro Único","464","DF"
"PT do B","2011-03-23T21:10:55.865680","Comitê Financeiro Único","570","DF"
"PTC","2011-03-23T21:10:55.876241","Comitê Financeiro Único","629","DF"
"PSOL","2011-03-23T21:10:55.886722","Comitê Financeiro Único","643","DF"
"PSDB","2011-03-23T21:10:55.944878","Comitê Financeiro Único","658","DF"
"PDT","2011-03-23T21:10:55.969495","Comitê Financeiro Único","670","DF"
"PRB","2011-03-23T21:10:55.977933","Comitê Financeiro Único","678","DF"
"DEM","2011-03-23T21:10:55.990723","Comitê Financeiro Único","722","DF"
"PCO","2011-03-23T21:10:56.002203","Comitê Financeiro Único","724","DF"
"PSL","2011-03-23T21:10:56.038201","Comitê Financeiro Único","727","DF"
"PRTB","2011-03-23T21:10:56.049862","Comitê Financeiro Único","731","DF"
"PSC","2011-03-23T21:10:56.059088","Comitê Financeiro Único","741","DF"
"PMN","2011-03-23T21:10:56.073637","Comitê Financeiro Único","750","DF"
"PCB","2011-03-23T21:10:56.085011","Comitê Financeiro Único","754","DF"
"PTB","2011-03-23T21:10:56.095163","Comitê Financeiro Único","776","DF"
"PTN","2011-03-23T21:10:56.108377","Comitê Financeiro Único","844","DF"
"PPS","2011-03-23T21:10:56.120466","Comitê Financeiro Único","847","DF"
"PSTU","2011-03-23T21:10:56.203244","Comitê Financeiro Único","863","DF"
"PSDC","2011-03-23T21:10:56.212780","Comitê Financeiro Único","879","DF"
"PRP","2011-03-23T21:10:56.243270","Comitê Financeiro Único","2527","DF"
"PV","2011-03-23T21:10:56.267268","Comitê Financeiro Único","382","DF"
"PSDC","2011-03-23T21:10:58.006868","Comitê Financeiro Distrital/Estadual para Deputado Estadual","510","ES"
"PSB","2011-03-23T21:10:58.032785","Comitê Financeiro Distrital/Estadual para Deputado Estadual","231","ES"
"PSB","2011-03-23T21:10:58.041199","Comitê Financeiro Distrital/Estadual para Deputado Federal","230","ES"
"PSB","2011-03-23T21:10:58.048569","Comitê Financeiro Distrital/Estadual para Governador","229","ES"
"PT","2011-03-23T21:10:58.083570","Comitê Financeiro Único","335","ES"
"DEM","2011-03-23T21:10:58.090995","Comitê Financeiro Único","359","ES"
"PSDB","2011-03-23T21:10:58.099237","Comitê Financeiro Único","361","ES"
"PHS","2011-03-23T21:10:58.116278","Comitê Financeiro Único","363","ES"
"PSOL","2011-03-23T21:10:58.125195","Comitê Financeiro Único","855","ES"
"PMN","2011-03-23T21:10:58.148727","Comitê Financeiro Único","395","ES"
"PSC","2011-03-23T21:10:58.241009","Comitê Financeiro Único","438","ES"
"PRTB","2011-03-23T21:10:58.319530","Comitê Financeiro Único","449","ES"
"PT do B","2011-03-23T21:10:58.398908","Comitê Financeiro Único","479","ES"
"PDT","2011-03-23T21:10:58.456555","Comitê Financeiro Único","517","ES"
"PTC","2011-03-23T21:10:58.529511","Comitê Financeiro Único","651","ES"
"PRB","2011-03-23T21:10:58.601972","Comitê Financeiro Único","660","ES"
"PP","2011-03-23T21:10:58.615615","Comitê Financeiro Único","719","ES"
"PPS","2011-03-23T21:10:58.627992","Comitê Financeiro Único","786","ES"
"PR","2011-03-23T21:10:58.638619","Comitê Financeiro Único","803","ES"
"PRP","2011-03-23T21:10:58.653662","Comitê Financeiro Único","854","ES"
"PC do B","2011-03-23T21:10:58.665325","Comitê Financeiro Único","227","ES"
"PTB","2011-03-23T21:10:58.699032","Comitê Financeiro Único","226","ES"
"PV","2011-03-23T21:10:58.708336","Comitê Financeiro Único","170","ES"
"PSL","2011-03-23T21:10:58.719139","Comitê Financeiro Único","125","ES"
"PMDB","2011-03-23T21:10:58.733583","Comitê Financeiro Único","383","ES"
"PTC","2011-03-23T21:11:00.190280","Comitê Financeiro Distrital/Estadual para Deputado Estadual","759","GO"
"PTC","2011-03-23T21:11:00.313685","Comitê Financeiro Distrital/Estadual para Deputado Federal","758","GO"
"PSL","2011-03-23T21:11:00.448602","Comitê Financeiro Único","235","GO"
"PSDB","2011-03-23T21:11:00.538722","Comitê Financeiro Único","246","GO"
"PR","2011-03-23T21:11:00.595039","Comitê Financeiro Único","262","GO"
"PP","2011-03-23T21:11:00.651358","Comitê Financeiro Único","267","GO"
"PSDC","2011-03-23T21:11:00.707869","Comitê Financeiro Único","270","GO"
"PMN","2011-03-23T21:11:00.778505","Comitê Financeiro Único","286","GO"
"PMDB","2011-03-23T21:11:00.862391","Comitê Financeiro Único","290","GO"
"PTN","2011-03-23T21:11:00.986338","Comitê Financeiro Único","291","GO"
"PT do B","2011-03-23T21:11:01.105882","Comitê Financeiro Único","2534","GO"
"PV","2011-03-23T21:11:01.135948","Comitê Financeiro Único","360","GO"
"PSC","2011-03-23T21:11:01.147151","Comitê Financeiro Único","377","GO"
"PDT","2011-03-23T21:11:01.157909","Comitê Financeiro Único","434","GO"
"PSOL","2011-03-23T21:11:01.170293","Comitê Financeiro Único","454","GO"
"PRB","2011-03-23T21:11:01.195661","Comitê Financeiro Único","475","GO"
"PC do B","2011-03-23T21:11:01.249401","Comitê Financeiro Único","506","GO"
"PRP","2011-03-23T21:11:01.260153","Comitê Financeiro Único","563","GO"
"PHS","2011-03-23T21:11:01.272573","Comitê Financeiro Único","571","GO"
"PPS","2011-03-23T21:11:01.284564","Comitê Financeiro Único","676","GO"
"PCB","2011-03-23T21:11:01.294914","Comitê Financeiro Único","735","GO"
"PSB","2011-03-23T21:11:01.307287","Comitê Financeiro Único","747","GO"
"PRTB","2011-03-23T21:11:01.330868","Comitê Financeiro Único","748","GO"
"PTB","2011-03-23T21:11:01.341026","Comitê Financeiro Único","185","GO"
"DEM","2011-03-23T21:11:01.350677","Comitê Financeiro Único","133","GO"
"PT","2011-03-23T21:11:01.359840","Comitê Financeiro Único","316","GO"
"PC do B","2011-03-23T21:11:02.981205","Comitê Financeiro Distrital/Estadual para Deputado Estadual","521","MA"
"PRB","2011-03-23T21:11:03.068790","Comitê Financeiro Distrital/Estadual para Deputado Estadual","221","MA"
"PP","2011-03-23T21:11:03.147235","Comitê Financeiro Distrital/Estadual para Deputado Estadual","451","MA"
"PMN","2011-03-23T21:11:03.162048","Comitê Financeiro Distrital/Estadual para Deputado Estadual","782","MA"
"PSDC","2011-03-23T21:11:03.198274","Comitê Financeiro Distrital/Estadual para Deputado Federal","867","MA"
"PRB","2011-03-23T21:11:03.260878","Comitê Financeiro Distrital/Estadual para Deputado Federal","220","MA"
"PP","2011-03-23T21:11:03.315313","Comitê Financeiro Distrital/Estadual para Deputado Federal","456","MA"
"PMN","2011-03-23T21:11:03.358664","Comitê Financeiro Distrital/Estadual para Deputado Federal","509","MA"
"PC do B","2011-03-23T21:11:03.397019","Comitê Financeiro Distrital/Estadual para Deputado Federal","520","MA"
"PC do B","2011-03-23T21:11:03.409289","Comitê Financeiro Distrital/Estadual para Governador","260","MA"
"PC do B","2011-03-23T21:11:03.419473","Comitê Financeiro Distrital/Estadual para Senador da República","519","MA"
"PP","2011-03-23T21:11:03.431136","Comitê Financeiro Distrital/Estadual para Senador da República","458","MA"
"PSB","2011-03-23T21:11:03.441637","Comitê Financeiro Único","477","MA"
"PSTU","2011-03-23T21:11:03.453118","Comitê Financeiro Único","491","MA"
"PR","2011-03-23T21:11:03.464055","Comitê Financeiro Único","505","MA"
"PT","2011-03-23T21:11:03.486160","Comitê Financeiro Único","641","MA"
"PTN","2011-03-23T21:11:03.529551","Comitê Financeiro Único","648","MA"
"PSOL","2011-03-23T21:11:03.539447","Comitê Financeiro Único","688","MA"
"PT do B","2011-03-23T21:11:03.550964","Comitê Financeiro Único","738","MA"
"PSDB","2011-03-23T21:11:03.562045","Comitê Financeiro Único","764","MA"
"PDT","2011-03-23T21:11:03.574067","Comitê Financeiro Único","472","MA"
"DEM","2011-03-23T21:11:03.584652","Comitê Financeiro Único","469","MA"
"PPS","2011-03-23T21:11:03.594942","Comitê Financeiro Único","460","MA"
"PSC","2011-03-23T21:11:03.608540","Comitê Financeiro Único","432","MA"
"PTC","2011-03-23T21:11:03.618944","Comitê Financeiro Único","374","MA"
"PRTB","2011-03-23T21:11:03.644235","Comitê Financeiro Único","371","MA"
"PV","2011-03-23T21:11:03.653168","Comitê Financeiro Único","368","MA"
"PCB","2011-03-23T21:11:03.664408","Comitê Financeiro Único","807","MA"
"PHS","2011-03-23T21:11:03.673253","Comitê Financeiro Único","354","MA"
"PTB","2011-03-23T21:11:03.683763","Comitê Financeiro Único","346","MA"
"PRP","2011-03-23T21:11:03.695003","Comitê Financeiro Único","225","MA"
"PMDB","2011-03-23T21:11:03.705196","Comitê Financeiro Único","211","MA"
"PSL","2011-03-23T21:11:03.771378","Comitê Financeiro Único","366","MA"
"PHS","2011-03-23T21:11:05.304154","Comitê Financeiro Distrital/Estadual para Deputado Federal","817","MT"
"PSDB","2011-03-23T21:11:05.437672","Comitê Financeiro Único","159","MT"
"DEM","2011-03-23T21:11:05.508188","Comitê Financeiro Único","200","MT"
"PT","2011-03-23T21:11:05.519411","Comitê Financeiro Único","263","MT"
"PP","2011-03-23T21:11:05.530331","Comitê Financeiro Único","273","MT"
"PRB","2011-03-23T21:11:05.542178","Comitê Financeiro Único","326","MT"
"PMDB","2011-03-23T21:11:05.553093","Comitê Financeiro Único","330","MT"
"PTB","2011-03-23T21:11:05.565355","Comitê Financeiro Único","340","MT"
"PSL","2011-03-23T21:11:05.576370","Comitê Financeiro Único","348","MT"
"PRTB","2011-03-23T21:11:05.589354","Comitê Financeiro Único","393","MT"
"PSDC","2011-03-23T21:11:05.601908","Comitê Financeiro Único","474","MT"
"PR","2011-03-23T21:11:05.614211","Comitê Financeiro Único","567","MT"
"PT do B","2011-03-23T21:11:05.625768","Comitê Financeiro Único","593","MT"
"PDT","2011-03-23T21:11:05.638253","Comitê Financeiro Único","616","MT"
"PTN","2011-03-23T21:11:05.649923","Comitê Financeiro Único","618","MT"
"PSC","2011-03-23T21:11:05.662861","Comitê Financeiro Único","621","MT"
"PV","2011-03-23T21:11:05.673875","Comitê Financeiro Único","689","MT"
"PSB","2011-03-23T21:11:05.686550","Comitê Financeiro Único","690","MT"
"PTC","2011-03-23T21:11:05.699459","Comitê Financeiro Único","695","MT"
"PC do B","2011-03-23T21:11:05.712164","Comitê Financeiro Único","696","MT"
"PRP","2011-03-23T21:11:05.723182","Comitê Financeiro Único","723","MT"
"PPS","2011-03-23T21:11:05.736284","Comitê Financeiro Único","774","MT"
"PMN","2011-03-23T21:11:05.748558","Comitê Financeiro Único","156","MT"
"PMN","2011-03-23T21:11:07.325753","Comitê Financeiro Distrital/Estadual para Deputado Estadual","168","MS"
"PC do B","2011-03-23T21:11:07.441732","Comitê Financeiro Distrital/Estadual para Deputado Estadual","455","MS"
"PC do B","2011-03-23T21:11:07.648141","Comitê Financeiro Distrital/Estadual para Deputado Federal","457","MS"
"PMN","2011-03-23T21:11:07.761864","Comitê Financeiro Distrital/Estadual para Deputado Federal","165","MS"
"PRB","2011-03-23T21:11:07.839463","Comitê Financeiro Único","350","MS"
"PR","2011-03-23T21:11:07.847205","Comitê Financeiro Único","422","MS"
"PHS","2011-03-23T21:11:07.859529","Comitê Financeiro Único","513","MS"
"PT do B","2011-03-23T21:11:07.884346","Comitê Financeiro Único","514","MS"
"PSC","2011-03-23T21:11:07.933245","Comitê Financeiro Único","2528","MS"
"PTN","2011-03-23T21:11:07.960244","Comitê Financeiro Único","578","MS"
"PRP","2011-03-23T21:11:07.969218","Comitê Financeiro Único","589","MS"
"PP","2011-03-23T21:11:07.978313","Comitê Financeiro Único","652","MS"
"PTB","2011-03-23T21:11:07.990584","Comitê Financeiro Único","655","MS"
"PSDC","2011-03-23T21:11:08.003464","Comitê Financeiro Único","657","MS"
"PV","2011-03-23T21:11:08.016288","Comitê Financeiro Único","693","MS"
"PSOL","2011-03-23T21:11:08.027773","Comitê Financeiro Único","717","MS"
"PSB","2011-03-23T21:11:08.039067","Comitê Financeiro Único","752","MS"
"DEM","2011-03-23T21:11:08.052302","Comitê Financeiro Único","780","MS"
"PTC","2011-03-23T21:11:08.064017","Comitê Financeiro Único","784","MS"
"PRTB","2011-03-23T21:11:08.076865","Comitê Financeiro Único","802","MS"
"PSL","2011-03-23T21:11:08.093197","Comitê Financeiro Único","814","MS"
"PSDB","2011-03-23T21:11:08.105616","Comitê Financeiro Único","334","MS"
"PDT","2011-03-23T21:11:08.120973","Comitê Financeiro Único","320","MS"
"PT","2011-03-23T21:11:08.133774","Comitê Financeiro Único","256","MS"
"PMDB","2011-03-23T21:11:08.162359","Comitê Financeiro Único","224","MS"
"PPS","2011-03-23T21:11:08.206608","Comitê Financeiro Único","569","MS"
"PT","2011-03-23T21:11:09.863413","Comitê Financeiro Distrital/Estadual para Deputado Estadual","444","MG"
"PHS","2011-03-23T21:11:10.032079","Comitê Financeiro Distrital/Estadual para Deputado Estadual","579","MG"
"PHS","2011-03-23T21:11:10.169261","Comitê Financeiro Distrital/Estadual para Deputado Federal","576","MG"
"PT","2011-03-23T21:11:10.302445","Comitê Financeiro Distrital/Estadual para Deputado Federal","445","MG"
"PT","2011-03-23T21:11:10.451945","Comitê Financeiro Distrital/Estadual para Governador","446","MG"
"PHS","2011-03-23T21:11:10.568316","Comitê Financeiro Distrital/Estadual para Senador da República","2721","MG"
"PT","2011-03-23T21:11:10.693431","Comitê Financeiro Distrital/Estadual para Senador da República","442","MG"
"PSOL","2011-03-23T21:11:10.845462","Comitê Financeiro Único","851","MG"
"PPS","2011-03-23T21:11:10.855255","Comitê Financeiro Único","237","MG"
"PTC","2011-03-23T21:11:10.866438","Comitê Financeiro Único","258","MG"
"PTB","2011-03-23T21:11:10.878421","Comitê Financeiro Único","289","MG"
"PV","2011-03-23T21:11:10.892640","Comitê Financeiro Único","327","MG"
"PR","2011-03-23T21:11:10.904525","Comitê Financeiro Único","369","MG"
"PMDB","2011-03-23T21:11:10.914205","Comitê Financeiro Único","370","MG"
"PP","2011-03-23T21:11:10.924233","Comitê Financeiro Único","375","MG"
"PSDB","2011-03-23T21:11:10.934235","Comitê Financeiro Único","396","MG"
"PSB","2011-03-23T21:11:10.944397","Comitê Financeiro Único","406","MG"
"PRP","2011-03-23T21:11:10.955812","Comitê Financeiro Único","544","MG"
"PCB","2011-03-23T21:11:10.967864","Comitê Financeiro Único","585","MG"
"PDT","2011-03-23T21:11:10.980981","Comitê Financeiro Único","671","MG"
"PRTB","2011-03-23T21:11:10.991985","Comitê Financeiro Único","711","MG"
"PTN","2011-03-23T21:11:11.003316","Comitê Financeiro Único","845","MG"
"PSC","2011-03-23T21:11:11.039771","Comitê Financeiro Único","213","MG"
"PC do B","2011-03-23T21:11:11.047763","Comitê Financeiro Único","187","MG"
"PSDC","2011-03-23T21:11:11.056722","Comitê Financeiro Único","182","MG"
"PRB","2011-03-23T21:11:11.086783","Comitê Financeiro Único","164","MG"
"PT do B","2011-03-23T21:11:11.098091","Comitê Financeiro Único","111","MG"
"PSTU","2011-03-23T21:11:11.109904","Comitê Financeiro Único","106","MG"
"PSL","2011-03-23T21:11:11.120319","Comitê Financeiro Único","44","MG"
"DEM","2011-03-23T21:11:11.131102","Comitê Financeiro Único","216","MG"
"PSC","2011-03-23T21:11:12.831708","Comitê Financeiro Distrital/Estadual para Deputado Estadual","770","PA"
"PSOL","2011-03-23T21:11:12.961756","Comitê Financeiro Distrital/Estadual para Deputado Estadual","663","PA"
"PTC","2011-03-23T21:11:13.216256","Comitê Financeiro Distrital/Estadual para Deputado Estadual","772","PA"
"PT do B","2011-03-23T21:11:13.386696","Comitê Financeiro Distrital/Estadual para Deputado Estadual","798","PA"
"PSC","2011-03-23T21:11:13.524797","Comitê Financeiro Distrital/Estadual para Deputado Federal","769","PA"
"PSOL","2011-03-23T21:11:13.681953","Comitê Financeiro Distrital/Estadual para Deputado Federal","800","PA"
"PTN","2011-03-23T21:11:13.831518","Comitê Financeiro Distrital/Estadual para Deputado Federal","632","PA"
"PTC","2011-03-23T21:11:13.976116","Comitê Financeiro Distrital/Estadual para Deputado Federal","694","PA"
"PT do B","2011-03-23T21:11:14.104217","Comitê Financeiro Distrital/Estadual para Deputado Federal","768","PA"
"PSOL","2011-03-23T21:11:14.281840","Comitê Financeiro Distrital/Estadual para Governador","667","PA"
"PSOL","2011-03-23T21:11:14.390586","Comitê Financeiro Distrital/Estadual para Senador da República","666","PA"
"PHS","2011-03-23T21:11:14.481821","Comitê Financeiro Único","777","PA"
"PR","2011-03-23T21:11:14.528663","Comitê Financeiro Único","779","PA"
"PP","2011-03-23T21:11:14.538910","Comitê Financeiro Único","799","PA"
"PRTB","2011-03-23T21:11:14.592887","Comitê Financeiro Único","815","PA"
"PDT","2011-03-23T21:11:14.683592","Comitê Financeiro Único","853","PA"
"PRP","2011-03-23T21:11:14.803084","Comitê Financeiro Único","856","PA"
"PSDC","2011-03-23T21:11:14.891678","Comitê Financeiro Único","857","PA"
"PTB","2011-03-23T21:11:14.910267","Comitê Financeiro Único","692","PA"
"PSTU","2011-03-23T21:11:14.926213","Comitê Financeiro Único","682","PA"
"DEM","2011-03-23T21:11:14.950944","Comitê Financeiro Único","672","PA"
"PV","2011-03-23T21:11:14.968553","Comitê Financeiro Único","654","PA"
"PPS","2011-03-23T21:11:14.982222","Comitê Financeiro Único","622","PA"
"PSDB","2011-03-23T21:11:15.006982","Comitê Financeiro Único","536","PA"
"PSB","2011-03-23T21:11:15.014805","Comitê Financeiro Único","535","PA"
"PMN","2011-03-23T21:11:15.024769","Comitê Financeiro Único","870","PA"
"PT","2011-03-23T21:11:15.036489","Comitê Financeiro Único","372","PA"
"PRB","2011-03-23T21:11:15.052451","Comitê Financeiro Único","284","PA"
"PMDB","2011-03-23T21:11:15.062236","Comitê Financeiro Único","282","PA"
"PC do B","2011-03-23T21:11:15.074274","Comitê Financeiro Único","390","PA"
"PSDC","2011-03-23T21:11:16.431540","Comitê Financeiro Distrital/Estadual para Deputado Estadual","866","PB"
"PSC","2011-03-23T21:11:16.561790","Comitê Financeiro Distrital/Estadual para Senador da República","804","PB"
"PSB","2011-03-23T21:11:16.691760","Comitê Financeiro Único","160","PB"
"DEM","2011-03-23T21:11:16.826654","Comitê Financeiro Único","206","PB"
"PR","2011-03-23T21:11:16.941913","Comitê Financeiro Único","269","PB"
"PMDB","2011-03-23T21:11:17.061554","Comitê Financeiro Único","317","PB"
"PMN","2011-03-23T21:11:17.222025","Comitê Financeiro Único","321","PB"
"PDT","2011-03-23T21:11:17.339078","Comitê Financeiro Único","356","PB"
"PC do B","2011-03-23T21:11:17.425248","Comitê Financeiro Único","424","PB"
"PTN","2011-03-23T21:11:17.501928","Comitê Financeiro Único","473","PB"
"PSC","2011-03-23T21:11:17.631771","Comitê Financeiro Único","2530","PB"
"PPS","2011-03-23T21:11:17.741999","Comitê Financeiro Único","568","PB"
"PP","2011-03-23T21:11:17.871969","Comitê Financeiro Único","584","PB"
"PRP","2011-03-23T21:11:17.982025","Comitê Financeiro Único","646","PB"
"PT","2011-03-23T21:11:18.008301","Comitê Financeiro Único","686","PB"
"PV","2011-03-23T21:11:18.045330","Comitê Financeiro Único","699","PB"
"PSDB","2011-03-23T21:11:18.056227","Comitê Financeiro Único","712","PB"
"PRTB","2011-03-23T21:11:18.068286","Comitê Financeiro Único","725","PB"
"PCO","2011-03-23T21:11:18.080583","Comitê Financeiro Único","728","PB"
"PT do B","2011-03-23T21:11:18.092788","Comitê Financeiro Único","753","PB"
"PSTU","2011-03-23T21:11:18.106326","Comitê Financeiro Único","794","PB"
"PTB","2011-03-23T21:11:18.118973","Comitê Financeiro Único","812","PB"
"PSOL","2011-03-23T21:11:18.133199","Comitê Financeiro Único","846","PB"
"PSL","2011-03-23T21:11:18.144310","Comitê Financeiro Único","152","PB"
"PRB","2011-03-23T21:11:18.156921","Comitê Financeiro Único","141","PB"
"PHS","2011-03-23T21:11:18.169449","Comitê Financeiro Único","566","PB"
"PSDB","2011-03-23T21:11:19.521663","Comitê Financeiro Distrital/Estadual para Deputado Estadual","254","PR"
"PSDB","2011-03-23T21:11:19.668274","Comitê Financeiro Distrital/Estadual para Deputado Federal","255","PR"
"PSDB","2011-03-23T21:11:19.706348","Comitê Financeiro Distrital/Estadual para Governador","251","PR"
"PSDB","2011-03-23T21:11:19.717278","Comitê Financeiro Distrital/Estadual para Senador da República","252","PR"
"DEM","2011-03-23T21:11:19.728139","Comitê Financeiro Único","194","PR"
"PV","2011-03-23T21:11:19.739928","Comitê Financeiro Único","319","PR"
"PSDC","2011-03-23T21:11:19.750920","Comitê Financeiro Único","337","PR"
"PRB","2011-03-23T21:11:19.763508","Comitê Financeiro Único","339","PR"
"PTB","2011-03-23T21:11:19.774390","Comitê Financeiro Único","342","PR"
"PT","2011-03-23T21:11:19.787556","Comitê Financeiro Único","347","PR"
"PT do B","2011-03-23T21:11:19.805742","Comitê Financeiro Único","916","PR"
"PPS","2011-03-23T21:11:19.823128","Comitê Financeiro Único","558","PR"
"PSC","2011-03-23T21:11:19.840665","Comitê Financeiro Único","583","PR"
"PTC","2011-03-23T21:11:19.851430","Comitê Financeiro Único","587","PR"
"PHS","2011-03-23T21:11:19.865992","Comitê Financeiro Único","594","PR"
"PP","2011-03-23T21:11:19.876720","Comitê Financeiro Único","627","PR"
"PMDB","2011-03-23T21:11:19.887522","Comitê Financeiro Único","639","PR"
"PRP","2011-03-23T21:11:19.899864","Comitê Financeiro Único","715","PR"
"PSL","2011-03-23T21:11:19.909724","Comitê Financeiro Único","716","PR"
"PCB","2011-03-23T21:11:19.948053","Comitê Financeiro Único","792","PR"
"PRTB","2011-03-23T21:11:19.955730","Comitê Financeiro Único","793","PR"
"PC do B","2011-03-23T21:11:19.966226","Comitê Financeiro Único","861","PR"
"PTN","2011-03-23T21:11:19.977175","Comitê Financeiro Único","872","PR"
"PSOL","2011-03-23T21:11:19.989444","Comitê Financeiro Único","901","PR"
"PR","2011-03-23T21:11:19.999704","Comitê Financeiro Único","184","PR"
"PSTU","2011-03-23T21:11:20.030723","Comitê Financeiro Único","105","PR"
"PMN","2011-03-23T21:11:20.039236","Comitê Financeiro Único","22","PR"
"PSB","2011-03-23T21:11:20.050556","Comitê Financeiro Único","7","PR"
"PDT","2011-03-23T21:11:20.058769","Comitê Financeiro Único","420","PR"
"PP","2011-03-23T21:11:22.020380","Comitê Financeiro Distrital/Estadual para Deputado Estadual","196","PE"
"PSDB","2011-03-23T21:11:22.081355","Comitê Financeiro Distrital/Estadual para Deputado Estadual","433","PE"
"PSOL","2011-03-23T21:11:22.134738","Comitê Financeiro Distrital/Estadual para Deputado Estadual","552","PE"
"PMDB","2011-03-23T21:11:22.154941","Comitê Financeiro Distrital/Estadual para Deputado Estadual","401","PE"
"PHS","2011-03-23T21:11:22.166608","Comitê Financeiro Distrital/Estadual para Deputado Estadual","412","PE"
"PSOL","2011-03-23T21:11:22.178460","Comitê Financeiro Distrital/Estadual para Deputado Federal","555","PE"
"PMDB","2011-03-23T21:11:22.261803","Comitê Financeiro Distrital/Estadual para Deputado Federal","400","PE"
"PSDB","2011-03-23T21:11:22.318537","Comitê Financeiro Distrital/Estadual para Deputado Federal","435","PE"
"PHS","2011-03-23T21:11:22.328426","Comitê Financeiro Distrital/Estadual para Deputado Federal","413","PE"
"PP","2011-03-23T21:11:22.347205","Comitê Financeiro Distrital/Estadual para Deputado Federal","197","PE"
"PSOL","2011-03-23T21:11:22.358504","Comitê Financeiro Distrital/Estadual para Governador","268","PE"
"PMDB","2011-03-23T21:11:22.373506","Comitê Financeiro Distrital/Estadual para Governador","398","PE"
"PMDB","2011-03-23T21:11:22.385428","Comitê Financeiro Distrital/Estadual para Senador da República","811","PE"
"PSOL","2011-03-23T21:11:22.421033","Comitê Financeiro Distrital/Estadual para Senador da República","683","PE"
"PCB","2011-03-23T21:11:22.431381","Comitê Financeiro Único","709","PE"
"PTN","2011-03-23T21:11:22.443792","Comitê Financeiro Único","729","PE"
"PPS","2011-03-23T21:11:22.457875","Comitê Financeiro Único","737","PE"
"PRP","2011-03-23T21:11:22.469098","Comitê Financeiro Único","787","PE"
"PTC","2011-03-23T21:11:22.481516","Comitê Financeiro Único","620","PE"
"PV","2011-03-23T21:11:22.494313","Comitê Financeiro Único","619","PE"
"PMN","2011-03-23T21:11:22.515153","Comitê Financeiro Único","617","PE"
"PT do B","2011-03-23T21:11:22.549621","Comitê Financeiro Único","582","PE"
"PSL","2011-03-23T21:11:22.559277","Comitê Financeiro Único","546","PE"
"DEM","2011-03-23T21:11:22.603828","Comitê Financeiro Único","543","PE"
"PSDC","2011-03-23T21:11:22.631106","Comitê Financeiro Único","518","PE"
"PT","2011-03-23T21:11:22.637636","Comitê Financeiro Único","448","PE"
"PDT","2011-03-23T21:11:22.645684","Comitê Financeiro Único","436","PE"
"PC do B","2011-03-23T21:11:22.654844","Comitê Financeiro Único","394","PE"
"PTB","2011-03-23T21:11:22.663645","Comitê Financeiro Único","351","PE"
"PRTB","2011-03-23T21:11:22.674964","Comitê Financeiro Único","822","PE"
"PR","2011-03-23T21:11:22.686254","Comitê Financeiro Único","228","PE"
"PSTU","2011-03-23T21:11:22.697514","Comitê Financeiro Único","188","PE"
"PSB","2011-03-23T21:11:22.708881","Comitê Financeiro Único","253","PE"
"PPS","2011-03-23T21:11:24.190672","Comitê Financeiro Distrital/Estadual para Deputado Estadual","631","PI"
"PPS","2011-03-23T21:11:24.560658","Comitê Financeiro Distrital/Estadual para Deputado Federal","704","PI"
"PSB","2011-03-23T21:11:24.700723","Comitê Financeiro Único","180","PI"
"PC do B","2011-03-23T21:11:24.790753","Comitê Financeiro Único","183","PI"
"PTB","2011-03-23T21:11:24.910759","Comitê Financeiro Único","223","PI"
"PRB","2011-03-23T21:11:25.011775","Comitê Financeiro Único","277","PI"
"PR","2011-03-23T21:11:25.130677","Comitê Financeiro Único","283","PI"
"PSC","2011-03-23T21:11:25.290749","Comitê Financeiro Único","285","PI"
"DEM","2011-03-23T21:11:25.450723","Comitê Financeiro Único","378","PI"
"PT","2011-03-23T21:11:25.531961","Comitê Financeiro Único","437","PI"
"PMN","2011-03-23T21:11:25.588630","Comitê Financeiro Único","874","PI"
"PP","2011-03-23T21:11:25.635966","Comitê Financeiro Único","515","PI"
"PTC","2011-03-23T21:11:25.782100","Comitê Financeiro Único","516","PI"
"PRTB","2011-03-23T21:11:25.804856","Comitê Financeiro Único","531","PI"
"PDT","2011-03-23T21:11:25.813386","Comitê Financeiro Único","630","PI"
"PHS","2011-03-23T21:11:25.823362","Comitê Financeiro Único","635","PI"
"PT do B","2011-03-23T21:11:25.834841","Comitê Financeiro Único","645","PI"
"PCO","2011-03-23T21:11:25.845776","Comitê Financeiro Único","762","PI"
"PSDC","2011-03-23T21:11:25.857728","Comitê Financeiro Único","771","PI"
"PSOL","2011-03-23T21:11:25.869780","Comitê Financeiro Único","790","PI"
"PSTU","2011-03-23T21:11:25.881559","Comitê Financeiro Único","852","PI"
"PSL","2011-03-23T21:11:25.893104","Comitê Financeiro Único","858","PI"
"PMDB","2011-03-23T21:11:25.904079","Comitê Financeiro Único","155","PI"
"PSDB","2011-03-23T21:11:25.914534","Comitê Financeiro Único","117","PI"
"PV","2011-03-23T21:11:25.925645","Comitê Financeiro Único","463","PI"
"PSDB","2011-03-23T21:11:27.370350","Comitê Financeiro Distrital/Estadual para Deputado Estadual","245","RJ"
"PSDB","2011-03-23T21:11:27.461911","Comitê Financeiro Distrital/Estadual para Deputado Federal","243","RJ"
"PSDB","2011-03-23T21:11:27.578250","Comitê Financeiro Distrital/Estadual para Governador","247","RJ"
"PSDB","2011-03-23T21:11:27.682000","Comitê Financeiro Distrital/Estadual para Senador da República","242","RJ"
